volumen,disrupcion,algoritmo,replica,semilla,pedidos_totales,pedidos_atendidos,pedidos_a_tiempo,pct_cumplimiento_global,costo_operativo_total,saturacion_almacenes_pct,tiempo_ejecucion_ms,makespan_min,pct_cumplimiento_producto_p
bajo,bajo,aco,1,1,76,76,76,100,18618,0,1822,1060,100
bajo,bajo,alns,1,1,76,67,67,88.16,15816,0,5195,750,82.62
bajo,bajo,aco,2,2,76,76,76,100,19462,0,1177,1270,100
bajo,bajo,alns,2,2,76,67,67,88.16,15278,0,5096,800,81.43
bajo,bajo,aco,3,3,76,76,76,100,19170,0,1236,1160,100
bajo,bajo,alns,3,3,76,66,66,86.84,13984,0,5170,676,79.52
bajo,bajo,aco,4,4,76,76,76,100,19094,0,1091,1250,100
bajo,bajo,alns,4,4,76,66,66,86.84,13098,0,5038,604,79.05
bajo,bajo,aco,5,5,76,76,76,100,19326,0,1189,870,100
bajo,bajo,alns,5,5,76,63,63,82.89,12392,0,5171,1020,73.1
bajo,bajo,aco,6,6,76,76,76,100,19782,0,1144,890,100
bajo,bajo,alns,6,6,76,66,66,86.84,13766,0,5255,572,78.81
bajo,bajo,aco,7,7,76,76,76,100,19686,0,1230,1170,100
bajo,bajo,alns,7,7,76,64,64,84.21,12630,0,5028,562,74.52
bajo,bajo,aco,8,8,76,76,76,100,18904,0,1149,1270,100
bajo,bajo,alns,8,8,76,66,66,86.84,14408,0,5283,770,79.29
bajo,bajo,aco,9,9,76,76,76,100,19148,0,1279,1510,100
bajo,bajo,alns,9,9,76,66,66,86.84,14966,0,5106,562,79.29
bajo,bajo,aco,10,10,76,76,76,100,18760,0,1182,1050,100
bajo,bajo,alns,10,10,76,65,65,85.53,13554,0,5293,610,77.86
bajo,bajo,aco,11,11,76,76,76,100,19608,0,1218,880,100
bajo,bajo,alns,11,11,76,65,65,85.53,13572,0,5282,607,76.19
bajo,bajo,aco,12,12,76,76,76,100,19102,0,1213,1050,100
bajo,bajo,alns,12,12,76,67,67,88.16,14366,0,5142,531,81.19
bajo,bajo,aco,13,13,76,76,76,100,19274,0,1141,880,100
bajo,bajo,alns,13,13,76,67,67,88.16,15522,0,5133,562,81.67
bajo,bajo,aco,14,14,76,76,76,100,19062,0,1087,940,100
bajo,bajo,alns,14,14,76,66,66,86.84,13518,0,5192,628,79.76
bajo,bajo,aco,15,15,76,76,76,100,18556,0,1082,1250,100
bajo,bajo,alns,15,15,76,67,67,88.16,14780,0,5082,680,80.95
bajo,bajo,aco,16,16,76,76,76,100,18732,0,1240,1040,100
bajo,bajo,alns,16,16,76,63,63,82.89,12250,0,5195,614,73.81
bajo,bajo,aco,17,17,76,76,76,100,18908,0,1073,1050,100
bajo,bajo,alns,17,17,76,67,67,88.16,14092,0,5250,562,80.95
bajo,bajo,aco,18,18,76,76,76,100,19550,0,1423,1060,100
bajo,bajo,alns,18,18,76,66,66,86.84,13266,0,5032,740,78.81
bajo,bajo,aco,19,19,76,76,76,100,19018,0,1302,1050,100
bajo,bajo,alns,19,19,76,67,67,88.16,14536,0,5175,611,81.43
bajo,bajo,aco,20,20,76,76,76,100,19288,0,1098,870,100
bajo,bajo,alns,20,20,76,67,67,88.16,15898,0,5047,562,81.43
bajo,bajo,aco,21,21,76,76,76,100,19080,0,1207,1050,100
bajo,bajo,alns,21,21,76,63,63,82.89,12420,0,5106,650,73.33
bajo,bajo,aco,22,22,76,76,76,100,20230,0,1254,1160,100
bajo,bajo,alns,22,22,76,65,65,85.53,13020,0,5020,732,77.14
bajo,bajo,aco,23,23,76,76,76,100,19698,0,1155,1160,100
bajo,bajo,alns,23,23,76,67,67,88.16,16502,0,5198,636,82.38
bajo,bajo,aco,24,24,76,76,76,100,19366,0,1191,1260,100
bajo,bajo,alns,24,24,76,66,66,86.84,14174,0,5147,880,80
bajo,bajo,aco,25,25,76,76,76,100,19708,0,1258,890,100
bajo,bajo,alns,25,25,76,65,65,85.53,13418,0,5042,584,76.9
bajo,bajo,aco,26,26,76,76,76,100,19820,0,1146,1380,100
bajo,bajo,alns,26,26,76,67,67,88.16,15230,0,5146,562,81.19
bajo,bajo,aco,27,27,76,76,76,100,18650,0,1151,880,100
bajo,bajo,alns,27,27,76,67,67,88.16,15142,0,5042,690,81.9
bajo,bajo,aco,28,28,76,76,76,100,19644,0,1154,1060,100
bajo,bajo,alns,28,28,76,66,66,86.84,14194,0,5063,551,79.76
bajo,bajo,aco,29,29,76,76,76,100,19850,0,1111,1110,100
bajo,bajo,alns,29,29,76,67,67,88.16,14236,0,5165,620,81.19
bajo,bajo,aco,30,30,76,76,76,100,19326,0,1226,1270,100
bajo,bajo,alns,30,30,76,67,67,88.16,15522,0,5112,562,82.38
medio,bajo,aco,1,1,369,364,364,98.64,93528,0,4663,710,97.93
medio,bajo,alns,1,1,369,93,93,25.2,18728,0,5749,670,17.84
medio,bajo,aco,2,2,369,364,364,98.64,94402,0,4704,730,98.12
medio,bajo,alns,2,2,369,93,93,25.2,17146,0,5271,722,17.69
medio,bajo,aco,3,3,369,363,363,98.37,94512,0,4740,730,97.65
medio,bajo,alns,3,3,369,94,94,25.47,17446,0,5052,730,17.98
medio,bajo,aco,4,4,369,365,365,98.92,94706,0,4697,780,98.59
medio,bajo,alns,4,4,369,92,92,24.93,16464,0,5255,612,17.51
medio,bajo,aco,5,5,369,365,365,98.92,97234,0,4623,810,98.4
medio,bajo,alns,5,5,369,91,91,24.66,15186,0,5269,660,16.8
medio,bajo,aco,6,6,369,365,365,98.92,94518,0,4479,730,98.59
medio,bajo,alns,6,6,369,92,92,24.93,16234,0,5199,603,17.55
medio,bajo,aco,7,7,369,364,364,98.64,94778,0,4690,610,98.12
medio,bajo,alns,7,7,369,93,93,25.2,17576,0,5138,671,17.51
medio,bajo,aco,8,8,369,365,365,98.92,93608,0,4556,770,98.4
medio,bajo,alns,8,8,369,94,94,25.47,17516,0,5391,630,17.98
medio,bajo,aco,9,9,369,363,363,98.37,93522,0,4696,730,97.79
medio,bajo,alns,9,9,369,94,94,25.47,16370,0,5186,710,17.98
medio,bajo,aco,10,10,369,363,363,98.37,93604,0,4636,860,97.65
medio,bajo,alns,10,10,369,92,92,24.93,15434,0,5367,671,17.22
medio,bajo,aco,11,11,369,365,365,98.92,92356,0,4458,860,98.31
medio,bajo,alns,11,11,369,94,94,25.47,17672,0,5043,740,17.93
medio,bajo,aco,12,12,369,364,364,98.64,93052,0,4495,690,98.12
medio,bajo,alns,12,12,369,93,93,25.2,16728,0,5427,640,17.6
medio,bajo,aco,13,13,369,365,365,98.92,96184,0,4584,650,98.4
medio,bajo,alns,13,13,369,94,94,25.47,17210,0,5319,610,18.02
medio,bajo,aco,14,14,369,366,366,99.19,94688,0,4972,730,98.87
medio,bajo,alns,14,14,369,92,92,24.93,16074,0,5131,671,17.55
medio,bajo,aco,15,15,369,365,365,98.92,92456,0,4575,821,98.4
medio,bajo,alns,15,15,369,93,93,25.2,17228,0,5032,711,17.6
medio,bajo,aco,16,16,369,364,364,98.64,94106,0,4590,730,98.16
medio,bajo,alns,16,16,369,92,92,24.93,16146,0,5552,650,17.36
medio,bajo,aco,17,17,369,364,364,98.64,95382,0,4633,930,97.93
medio,bajo,alns,17,17,369,94,94,25.47,16842,0,5277,730,17.84
medio,bajo,aco,18,18,369,363,363,98.37,95256,0,4808,850,97.69
medio,bajo,alns,18,18,369,92,92,24.93,16468,0,5049,730,17.46
medio,bajo,aco,19,19,369,365,365,98.92,93654,0,4677,660,98.45
medio,bajo,alns,19,19,369,92,92,24.93,15938,0,5139,730,17.27
medio,bajo,aco,20,20,369,363,363,98.37,93558,0,4596,730,97.46
medio,bajo,alns,20,20,369,93,93,25.2,15916,0,5193,670,17.6
medio,bajo,aco,21,21,369,364,364,98.64,94184,0,4661,641,97.93
medio,bajo,alns,21,21,369,94,94,25.47,17078,0,5404,730,17.98
medio,bajo,aco,22,22,369,363,363,98.37,94428,0,4395,681,97.65
medio,bajo,alns,22,22,369,94,94,25.47,17462,0,5140,730,17.93
medio,bajo,aco,23,23,369,364,364,98.64,95538,0,4654,810,98.12
medio,bajo,alns,23,23,369,93,93,25.2,16950,0,5200,780,17.55
medio,bajo,aco,24,24,369,365,365,98.92,94340,0,4550,811,98.4
medio,bajo,alns,24,24,369,92,92,24.93,15544,0,5101,600,17.04
medio,bajo,aco,25,25,369,362,362,98.1,93146,0,4520,740,97.22
medio,bajo,alns,25,25,369,92,92,24.93,16248,0,5038,660,17.22
medio,bajo,aco,26,26,369,364,364,98.64,93700,0,4572,970,98.12
medio,bajo,alns,26,26,369,94,94,25.47,16992,0,5730,730,17.98
medio,bajo,aco,27,27,369,362,362,98.1,93160,0,4570,730,97.22
medio,bajo,alns,27,27,369,94,94,25.47,18228,0,5396,730,18.35
medio,bajo,aco,28,28,369,362,362,98.1,94090,0,4625,610,97.22
medio,bajo,alns,28,28,369,94,94,25.47,17342,0,5287,720,18.07
medio,bajo,aco,29,29,369,365,365,98.92,95012,0,4697,730,98.59
medio,bajo,alns,29,29,369,93,93,25.2,16158,0,5183,751,17.79
medio,bajo,aco,30,30,369,362,362,98.1,92692,0,4519,780,97.18
medio,bajo,alns,30,30,369,93,93,25.2,15848,0,5553,680,17.69
alto,bajo,aco,1,1,609,576,576,94.58,148198,0,8862,860,92.29
alto,bajo,alns,1,1,609,96,96,15.76,21316,0,6664,843,11.15
alto,bajo,aco,2,2,609,580,580,95.24,146762,0,9190,800,93.09
alto,bajo,alns,2,2,609,95,95,15.6,18966,0,5532,780,10.95
alto,bajo,aco,3,3,609,577,577,94.75,146272,0,9256,860,92.61
alto,bajo,alns,3,3,609,94,94,15.44,18710,0,5576,720,10.61
alto,bajo,aco,4,4,609,576,576,94.58,147100,0,9490,990,92.49
alto,bajo,alns,4,4,609,94,94,15.44,17730,0,6940,690,10.72
alto,bajo,aco,5,5,609,576,576,94.58,145726,0,9686,700,92.29
alto,bajo,alns,5,5,609,94,94,15.44,20018,0,5192,780,11.01
alto,bajo,aco,6,6,609,579,579,95.07,145248,0,9313,960,92.92
alto,bajo,alns,6,6,609,95,95,15.6,19700,0,5820,737,10.89
alto,bajo,aco,7,7,609,576,576,94.58,146100,0,8966,750,92.26
alto,bajo,alns,7,7,609,94,94,15.44,19754,0,6954,729,10.86
alto,bajo,aco,8,8,609,577,577,94.75,144796,0,9473,850,92.43
alto,bajo,alns,8,8,609,95,95,15.6,20878,0,5670,750,11.06
alto,bajo,aco,9,9,609,578,578,94.91,148368,0,9131,731,92.72
alto,bajo,alns,9,9,609,96,96,15.76,20222,0,5958,690,11.04
alto,bajo,aco,10,10,609,577,577,94.75,147752,0,9058,860,92.72
alto,bajo,alns,10,10,609,96,96,15.76,20000,0,5853,751,11.06
alto,bajo,aco,11,11,609,577,577,94.75,148304,0,8516,810,92.43
alto,bajo,alns,11,11,609,97,97,15.93,22182,0,5772,751,11.35
alto,bajo,aco,12,12,609,576,576,94.58,147572,0,9150,1020,92.26
alto,bajo,alns,12,12,609,97,97,15.93,20928,0,6167,690,11.43
alto,bajo,aco,13,13,609,575,575,94.42,148626,0,9075,830,92.01
alto,bajo,alns,13,13,609,94,94,15.44,19624,0,5790,644,10.92
alto,bajo,aco,14,14,609,579,579,95.07,146634,0,9046,970,93.03
alto,bajo,alns,14,14,609,94,94,15.44,19256,0,5401,728,10.64
alto,bajo,aco,15,15,609,576,576,94.58,150940,0,9368,700,92.21
alto,bajo,alns,15,15,609,94,94,15.44,18496,0,5866,620,10.78
alto,bajo,aco,16,16,609,579,579,95.07,144970,0,9360,770,93.23
alto,bajo,alns,16,16,609,96,96,15.76,22602,0,5223,871,11.15
alto,bajo,aco,17,17,609,575,575,94.42,143634,0,9458,1070,92.06
alto,bajo,alns,17,17,609,95,95,15.6,20276,0,5335,766,10.89
alto,bajo,aco,18,18,609,577,577,94.75,147750,0,9079,790,92.43
alto,bajo,alns,18,18,609,96,96,15.76,20264,0,5721,780,11.04
alto,bajo,aco,19,19,609,578,578,94.91,148826,0,9566,760,92.86
alto,bajo,alns,19,19,609,96,96,15.76,20188,0,5472,751,11.18
alto,bajo,aco,20,20,609,579,579,95.07,146914,0,9225,980,93.2
alto,bajo,alns,20,20,609,96,96,15.76,20144,0,7082,690,11.21
alto,bajo,aco,21,21,609,577,577,94.75,145448,0,9007,780,92.72
alto,bajo,alns,21,21,609,94,94,15.44,20250,0,5876,640,10.78
alto,bajo,aco,22,22,609,579,579,95.07,147296,0,8844,810,92.95
alto,bajo,alns,22,22,609,97,97,15.93,21832,0,5214,751,11.35
alto,bajo,aco,23,23,609,577,577,94.75,149694,0,9008,700,92.58
alto,bajo,alns,23,23,609,96,96,15.76,20888,0,6371,751,11.04
alto,bajo,aco,24,24,609,578,578,94.91,147542,0,9228,800,92.95
alto,bajo,alns,24,24,609,97,97,15.93,22028,0,5326,751,11.35
alto,bajo,aco,25,25,609,574,574,94.25,146388,0,9112,830,91.87
alto,bajo,alns,25,25,609,97,97,15.93,22480,0,5261,730,11.43
alto,bajo,aco,26,26,609,576,576,94.58,146990,0,8800,840,92.24
alto,bajo,alns,26,26,609,95,95,15.6,18408,0,5499,736,10.75
alto,bajo,aco,27,27,609,577,577,94.75,146374,0,9579,820,92.58
alto,bajo,alns,27,27,609,97,97,15.93,21624,0,6817,751,11.32
alto,bajo,aco,28,28,609,578,578,94.91,147968,0,10952,790,92.72
alto,bajo,alns,28,28,609,95,95,15.6,17628,0,5571,751,10.84
alto,bajo,aco,29,29,609,575,575,94.42,147682,0,10025,690,92.21
alto,bajo,alns,29,29,609,97,97,15.93,21272,0,6241,751,11.43
alto,bajo,aco,30,30,609,578,578,94.91,147674,0,10175,840,92.75
alto,bajo,alns,30,30,609,94,94,15.44,18476,0,6062,780,10.58
